{"sentiments": ["negative", "neutral", "positive"], "likes": [325.2857142857143, 611.75, 724.12], "retweets": [85.71428571428571, 162.125, 192.24]}